AoHjRQ,71,Src\students2.csv
AzbgUy,4,Src\students2.csv
BDuaeU,67,Src\students1.csv
BYpLeY,58,Src\students2.csv
BlhkBD,29,Src\students1.csv
BoHvgL,11,Src\students1.csv
BvDrlb,82,Src\students2.csv
CYaqBH,58,Src\students1.csv
Cfnrdy,73,Src\students2.csv
CmGkJg,39,Src\students2.csv
CuNZgz,6,Src\students1.csv
CvVuVw,50,Src\students2.csv
DGxUUg,13,Src\students2.csv
DSGvBY,93,Src\students1.csv
DTZJLJ,4,Src\students1.csv
DVLYsf,73,Src\students1.csv
EGfAet,53,Src\students1.csv
ELStBh,48,Src\students2.csv
ENggNR,36,Src\students1.csv
EkIdoZ,61,Src\students1.csv
EpTjWp,1,Src\students1.csv
EtCLlO,80,Src\students1.csv
FGaGBk,15,Src\students2.csv
FKdvDf,85,Src\students1.csv
FVgEfM,50,Src\students1.csv
Fiepto,13,Src\students1.csv
Fshybu,88,Src\students1.csv
FtSyFj,75,Src\students2.csv
GGHHLJ,17,Src\students1.csv
GWQKHB,68,Src\students1.csv
GgwOrZ,37,Src\students2.csv
HHmIaM,90,Src\students1.csv
HkXApw,28,Src\students2.csv
IAWVxg,41,Src\students2.csv
ISJAnb,29,Src\students2.csv
ITfkna,85,Src\students2.csv
IeDHHf,0,Src\students2.csv
IvfwNh,20,Src\students2.csv
JKDtWy,44,Src\students2.csv
JSsvEs,47,Src\students2.csv
Jdhppr,72,Src\students1.csv
JfCMTH,16,Src\students2.csv
KCvFDk,65,Src\students2.csv
KiASLE,1,Src\students2.csv
KkAPmG,80,Src\students2.csv
KldkHH,26,Src\students1.csv
LODjTw,68,Src\students2.csv
LZWsHu,3,Src\students2.csv
Ldmsam,84,Src\students2.csv
LidyQB,30,Src\students2.csv
LwhuVI,16,Src\students1.csv
MCgbPt,2,Src\students2.csv
MEabMC,28,Src\students1.csv
MLInVG,96,Src\students1.csv
MMIEhY,37,Src\students1.csv
MPuxlN,62,Src\students1.csv
MYFUeu,57,Src\students2.csv
MgkrLI,39,Src\students1.csv
MyHoWC,70,Src\students2.csv
NEFybQ,56,Src\students1.csv
NQjnhE,51,Src\students1.csv
NYLzcs,71,Src\students1.csv
NlVfiP,14,Src\students1.csv
OBlTju,19,Src\students1.csv
OCrCdY,32,Src\students2.csv
OOcrJi,83,Src\students2.csv
ORHHyP,8,Src\students2.csv
OUojwy,6,Src\students2.csv
OgwfLX,18,Src\students1.csv
OlxGsB,76,Src\students2.csv
PQQpTy,34,Src\students1.csv
QEOGPU,93,Src\students2.csv
QMQxOJ,12,Src\students2.csv
QTSdkj,64,Src\students1.csv
QYWOOo,33,Src\students2.csv
QqCHbe,87,Src\students2.csv
QwRCLq,77,Src\students2.csv
QzodZH,95,Src\students1.csv
RAymrZ,21,Src\students1.csv
RJEMZJ,22,Src\students2.csv
RaaRTO,9,Src\students1.csv
RvisJr,78,Src\students2.csv
SGaFVM,10,Src\students2.csv
TDoqBK,77,Src\students1.csv
TMCzVl,90,Src\students2.csv
TblRAI,92,Src\students2.csv
TdWjCF,45,Src\students1.csv
TfJqtv,12,Src\students1.csv
TfSPgQ,42,Src\students1.csv
TwYvle,35,Src\students2.csv
UGuevE,26,Src\students2.csv
UhdBfG,89,Src\students1.csv
UjdJfO,45,Src\students2.csv
VEpbNd,64,Src\students2.csv
VSBuAn,69,Src\students1.csv
VSpvET,5,Src\students1.csv
WiCfoW,34,Src\students2.csv
WlykNk,19,Src\students2.csv
WutyhM,3,Src\students1.csv
Wwnflj,66,Src\students2.csv
XRqqXd,46,Src\students2.csv
XVtmpn,55,Src\students1.csv
XXnjxE,84,Src\students1.csv
XfrcUJ,51,Src\students2.csv
XiImaU,94,Src\students1.csv
YQigxr,33,Src\students1.csv
YVXMCA,43,Src\students2.csv
YgiMCF,44,Src\students1.csv
YiEUCz,70,Src\students1.csv
Zbrodl,23,Src\students2.csv
ZiDDlx,30,Src\students1.csv
ZkDeKY,78,Src\students1.csv
ZuRTqb,79,Src\students2.csv
Zwlqid,20,Src\students1.csv
aJJSYo,88,Src\students2.csv
ahzfLJ,91,Src\students1.csv
anewBx,14,Src\students2.csv
ayvXjE,82,Src\students1.csv
bRaZAu,86,Src\students1.csv
cJBggW,17,Src\students2.csv
cJTytL,40,Src\students1.csv
cXdNUK,11,Src\students2.csv
cZZoDG,92,Src\students1.csv
dCpSBW,79,Src\students1.csv
dDisnr,56,Src\students2.csv
dFfBZo,53,Src\students2.csv
dJVBMC,38,Src\students1.csv
dZBaKJ,54,Src\students1.csv
eLZENd,27,Src\students2.csv
eYtCiA,54,Src\students2.csv
eeoQDz,74,Src\students1.csv
fJxnts,10,Src\students1.csv
gMcEgO,76,Src\students1.csv
gQwTjH,66,Src\students1.csv
gTFAWy,81,Src\students1.csv
hWknCP,31,Src\students2.csv
hYgBcU,25,Src\students1.csv
hbzbfx,46,Src\students1.csv
hviopY,91,Src\students2.csv
iSFKCQ,22,Src\students1.csv
ibrkDG,43,Src\students1.csv
iwGuhe,21,Src\students2.csv
jRuxEq,36,Src\students2.csv
jSpBEx,69,Src\students2.csv
jYngvL,74,Src\students2.csv
jdmOOR,7,Src\students2.csv
jyyEyS,99,Src\students2.csv
kMaLFx,96,Src\students2.csv
kpuALe,47,Src\students1.csv
kqQULY,15,Src\students1.csv
lFkCMq,67,Src\students2.csv
lLySiT,40,Src\students2.csv
ldliqR,7,Src\students1.csv
llLTMc,18,Src\students2.csv
mBqxHR,95,Src\students2.csv
mRvVNd,49,Src\students2.csv
mlNAlm,61,Src\students2.csv
mpoorQ,27,Src\students1.csv
nUGpuU,42,Src\students2.csv
nbIRYd,97,Src\students1.csv
nuvWHs,8,Src\students1.csv
opWXmZ,0,Src\students1.csv
ovwMto,5,Src\students2.csv
oxfxps,63,Src\students1.csv
pZuAPD,94,Src\students2.csv
piUIHz,65,Src\students1.csv
piXRFr,59,Src\students2.csv
pzSMNq,38,Src\students2.csv
qFZUkP,52,Src\students1.csv
rCfnwp,0,Src\students3.csv
rnqyaP,89,Src\students2.csv
sHbNzC,63,Src\students2.csv
sREeqQ,83,Src\students1.csv
sSAbYy,59,Src\students1.csv
sWrrOo,9,Src\students2.csv
smwCii,35,Src\students1.csv
sxLqwL,31,Src\students1.csv
tMQhxl,75,Src\students1.csv
traqew,48,Src\students1.csv
uHBRWC,49,Src\students1.csv
uYJHtn,97,Src\students2.csv
uggIBG,57,Src\students1.csv
uvRhTC,55,Src\students2.csv
vBJlbb,60,Src\students2.csv
vNJMgd,72,Src\students2.csv
vuxSRx,24,Src\students1.csv
wYRCIH,60,Src\students1.csv
wiwUsA,87,Src\students1.csv
wjQdOn,41,Src\students1.csv
wvWrPQ,52,Src\students2.csv
yABVih,25,Src\students2.csv
yEydPN,2,Src\students1.csv
ybllhy,98,Src\students1.csv
yoJfJP,32,Src\students1.csv
yvcNKJ,86,Src\students2.csv
ywosVl,23,Src\students1.csv
zGsNDz,62,Src\students2.csv
zIaKVT,98,Src\students2.csv
zWFoak,81,Src\students2.csv
zrsWQq,24,Src\students2.csv
